Workbook

Sheet Hướng dẫn
A1: BỘ TEST CASE KIỂM THỬ THỦ CÔNG
A2: Dự án | B2: Hệ thống xếp lịch làm việc chuỗi cửa hàng (schedule_backend + schedule_frontend)
A3: Ngày lập | B3: 22/10/2026 – dựa trên CHECKLIST_CAP_NHAT.md (19–20/10/2026), hotahethong.md và thông báo lỗi trong backend
A5: CÁCH DÙNG
A6: Ô cần điền | B6: Các cột nền vàng: Kết quả thực tế · Trạng thái · Người test · Ngày test · Bug ID / Ghi chú
A7: Trạng thái | B7: Chọn từ danh sách: Not Run (mặc định) · Pass · Fail · Blocked. Sheet 'Tổng hợp' tự đếm.
A8: Ví dụ điền 1 dòng | B8: Kết quả thực tế: 'Hiện toast Sai tài khoản hoặc mật khẩu' · Trạng thái: Pass · Người test: Hoàn · Ngày test: 22/10/2026 · Bug ID: (trống)
A9: Khi Fail | B9: Ghi rõ kết quả thực tế, chụp màn hình, ghi Bug ID ở cột cuối
A10: Ưu tiên | B10: Cao: nghiệp vụ chính / phân quyền – chạy trước · Trung bình · Thấp: hiển thị, tiện ích
A11: Loại | B11: Positive: luồng đúng · Negative: dữ liệu / thao tác sai · Boundary: giá trị biên (min/max, thời điểm, độ dài)
A12: '(qua API)' | B12: UI đã chặn sẵn; kiểm tra backend bằng Postman (thư mục schedule_backend/postman) với token của vai trò tương ứng
A14: CHUẨN BỊ DỮ LIỆU
A15: Tài khoản | B15: 1 Admin · 2 Quản lý (để test 'quản lý cuối cùng') · 2 TCH ở 2 cửa hàng A, B · ≥3 NV cửa hàng A cùng nhóm ca · 1 NV cửa hàng B
A16: Lịch | B16: 1 kỳ đã chốt (đang dùng) có ca trong tương lai · 1 kỳ OPEN đang trong thời gian đăng ký · ca mẫu có min < max
A17: Migration | B17: Khởi động lại backend; chạy migration_store_account.sql, migration_quan_ly_ca.sql, migration_feedback.sql, migration_urgent_swap.sql
A18: Dữ liệu mẫu | B18: Có thể dùng fake_20_nhan_vien_thang11.sql / fake_schedule_thang11.sql
A20: DANH SÁCH SHEET
A21: Chung - Xác thực | B21: 30 test case – mã AUTH-xxx
A22: Chung - Thông báo | B22: 8 test case – mã NOTI-xxx
A23: Chung - Phản hồi | B23: 30 test case – mã FB-xxx
A24: Nhân viên | B24: 50 test case – mã NV-xxx
A25: Trưởng cửa hàng | B25: 33 test case – mã TCH-xxx
A26: Quản lý | B26: 52 test case – mã QL-xxx
A27: Admin | B27: 19 test case – mã AD-xxx
A28: Phân quyền & Bảo mật | B28: 13 test case – mã SEC-xxx

Sheet Tổng hợp
A1: TỔNG HỢP KẾT QUẢ TEST – HỆ THỐNG XẾP LỊCH LÀM VIỆC
A3: Sheet / Module | B3: Tổng TC | C3: Pass | D3: Fail | E3: Blocked | F3: Not Run | G3: % Đã chạy | H3: % Pass (trên đã chạy) | I3: TC ưu tiên Cao | J3: Cao bị Fail
A4: Chung - Xác thực | B4: =COUNTA('Chung - Xác thực'!A2:A1000) -> 30 | C4: =COUNTIF('Chung - Xác thực'!L2:L1000,"Pass") -> 0 | D4: =COUNTIF('Chung - Xác thực'!L2:L1000,"Fail") -> 0 | E4: =COUNTIF('Chung - Xác thực'!L2:L1000,"Blocked") -> 0 | F4: =COUNTIF('Chung - Xác thực'!L2:L1000,"Not Run") -> 30 | G4: =IFERROR((B4-F4)/B4,0) -> 0 | H4: =IFERROR(C4/(B4-F4),0) -> 0 | I4: =COUNTIF('Chung - Xác thực'!I2:I1000,"Cao") -> 12 | J4: =COUNTIFS('Chung - Xác thực'!I2:I1000,"Cao",'Chung - Xác thực'!L2:L1000,"Fail") -> 0
A5: Chung - Thông báo | B5: =COUNTA('Chung - Thông báo'!A2:A1000) -> 8 | C5: =COUNTIF('Chung - Thông báo'!L2:L1000,"Pass") -> 0 | D5: =COUNTIF('Chung - Thông báo'!L2:L1000,"Fail") -> 0 | E5: =COUNTIF('Chung - Thông báo'!L2:L1000,"Blocked") -> 0 | F5: =COUNTIF('Chung - Thông báo'!L2:L1000,"Not Run") -> 8 | G5: =IFERROR((B5-F5)/B5,0) -> 0 | H5: =IFERROR(C5/(B5-F5),0) -> 0 | I5: =COUNTIF('Chung - Thông báo'!I2:I1000,"Cao") -> 2 | J5: =COUNTIFS('Chung - Thông báo'!I2:I1000,"Cao",'Chung - Thông báo'!L2:L1000,"Fail") -> 0
A6: Chung - Phản hồi | B6: =COUNTA('Chung - Phản hồi'!A2:A1000) -> 30 | C6: =COUNTIF('Chung - Phản hồi'!L2:L1000,"Pass") -> 0 | D6: =COUNTIF('Chung - Phản hồi'!L2:L1000,"Fail") -> 0 | E6: =COUNTIF('Chung - Phản hồi'!L2:L1000,"Blocked") -> 0 | F6: =COUNTIF('Chung - Phản hồi'!L2:L1000,"Not Run") -> 30 | G6: =IFERROR((B6-F6)/B6,0) -> 0 | H6: =IFERROR(C6/(B6-F6),0) -> 0 | I6: =COUNTIF('Chung - Phản hồi'!I2:I1000,"Cao") -> 10 | J6: =COUNTIFS('Chung - Phản hồi'!I2:I1000,"Cao",'Chung - Phản hồi'!L2:L1000,"Fail") -> 0
A7: Nhân viên | B7: =COUNTA('Nhân viên'!A2:A1000) -> 50 | C7: =COUNTIF('Nhân viên'!L2:L1000,"Pass") -> 0 | D7: =COUNTIF('Nhân viên'!L2:L1000,"Fail") -> 0 | E7: =COUNTIF('Nhân viên'!L2:L1000,"Blocked") -> 0 | F7: =COUNTIF('Nhân viên'!L2:L1000,"Not Run") -> 50 | G7: =IFERROR((B7-F7)/B7,0) -> 0 | H7: =IFERROR(C7/(B7-F7),0) -> 0 | I7: =COUNTIF('Nhân viên'!I2:I1000,"Cao") -> 18 | J7: =COUNTIFS('Nhân viên'!I2:I1000,"Cao",'Nhân viên'!L2:L1000,"Fail") -> 0
A8: Trưởng cửa hàng | B8: =COUNTA('Trưởng cửa hàng'!A2:A1000) -> 33 | C8: =COUNTIF('Trưởng cửa hàng'!L2:L1000,"Pass") -> 0 | D8: =COUNTIF('Trưởng cửa hàng'!L2:L1000,"Fail") -> 0 | E8: =COUNTIF('Trưởng cửa hàng'!L2:L1000,"Blocked") -> 0 | F8: =COUNTIF('Trưởng cửa hàng'!L2:L1000,"Not Run") -> 33 | G8: =IFERROR((B8-F8)/B8,0) -> 0 | H8: =IFERROR(C8/(B8-F8),0) -> 0 | I8: =COUNTIF('Trưởng cửa hàng'!I2:I1000,"Cao") -> 14 | J8: =COUNTIFS('Trưởng cửa hàng'!I2:I1000,"Cao",'Trưởng cửa hàng'!L2:L1000,"Fail") -> 0
A9: Quản lý | B9: =COUNTA('Quản lý'!A2:A1000) -> 52 | C9: =COUNTIF('Quản lý'!L2:L1000,"Pass") -> 0 | D9: =COUNTIF('Quản lý'!L2:L1000,"Fail") -> 0 | E9: =COUNTIF('Quản lý'!L2:L1000,"Blocked") -> 0 | F9: =COUNTIF('Quản lý'!L2:L1000,"Not Run") -> 52 | G9: =IFERROR((B9-F9)/B9,0) -> 0 | H9: =IFERROR(C9/(B9-F9),0) -> 0 | I9: =COUNTIF('Quản lý'!I2:I1000,"Cao") -> 18 | J9: =COUNTIFS('Quản lý'!I2:I1000,"Cao",'Quản lý'!L2:L1000,"Fail") -> 0
A10: Admin | B10: =COUNTA(Admin!A2:A1000) -> 19 | C10: =COUNTIF(Admin!L2:L1000,"Pass") -> 0 | D10: =COUNTIF(Admin!L2:L1000,"Fail") -> 0 | E10: =COUNTIF(Admin!L2:L1000,"Blocked") -> 0 | F10: =COUNTIF(Admin!L2:L1000,"Not Run") -> 19 | G10: =IFERROR((B10-F10)/B10,0) -> 0 | H10: =IFERROR(C10/(B10-F10),0) -> 0 | I10: =COUNTIF(Admin!I2:I1000,"Cao") -> 10 | J10: =COUNTIFS(Admin!I2:I1000,"Cao",Admin!L2:L1000,"Fail") -> 0
A11: Phân quyền & Bảo mật | B11: =COUNTA('Phân quyền & Bảo mật'!A2:A1000) -> 13 | C11: =COUNTIF('Phân quyền & Bảo mật'!L2:L1000,"Pass") -> 0 | D11: =COUNTIF('Phân quyền & Bảo mật'!L2:L1000,"Fail") -> 0 | E11: =COUNTIF('Phân quyền & Bảo mật'!L2:L1000,"Blocked") -> 0 | F11: =COUNTIF('Phân quyền & Bảo mật'!L2:L1000,"Not Run") -> 13 | G11: =IFERROR((B11-F11)/B11,0) -> 0 | H11: =IFERROR(C11/(B11-F11),0) -> 0 | I11: =COUNTIF('Phân quyền & Bảo mật'!I2:I1000,"Cao") -> 9 | J11: =COUNTIFS('Phân quyền & Bảo mật'!I2:I1000,"Cao",'Phân quyền & Bảo mật'!L2:L1000,"Fail") -> 0
A12: TỔNG CỘNG | B12: =SUM(B4:B11) -> 235 | C12: =SUM(C4:C11) -> 0 | D12: =SUM(D4:D11) -> 0 | E12: =SUM(E4:E11) -> 0 | F12: =SUM(F4:F11) -> 235 | G12: =IFERROR((B12-F12)/B12,0) -> 0 | H12: =IFERROR(C12/(B12-F12),0) -> 0 | I12: =SUM(I4:I11) -> 93 | J12: =SUM(J4:J11) -> 0
A14: Bảng tự động cập nhật khi đổi cột 'Trạng thái' ở các sheet test case.

Sheet Chung - Xác thực
A1: Mã TC | B1: Module | C1: Chức năng | D1: Tiêu đề test case | E1: Điều kiện tiên quyết | F1: Các bước thực hiện | G1: Dữ liệu test | H1: Kết quả mong đợi | I1: Ưu tiên | J1: Loại | K1: Kết quả thực tế | L1: Trạng thái | M1: Người test | N1: Ngày test | O1: Bug ID / Ghi chú
A2: AUTH-001 | B2: Đăng nhập | C2: Đăng nhập | D2: Đăng nhập thành công bằng tên đăng nhập | E2: Tài khoản NV đang hoạt động | F2: 1. Mở trang đăng nhập 2. Nhập tên đăng nhập + mật khẩu đúng 3. Bấm Đăng nhập | G2: username: nv01 / pass: Abc@1234 | H2: Toast 'Đăng nhập thành công'; chuyển vào giao diện Nhân viên (Tổng quan) | I2: Cao | J2: Positive | L2: Not Run
A3: AUTH-002 | B3: Đăng nhập | C3: Đăng nhập | D3: Đăng nhập thành công bằng email | E3: Tài khoản đang hoạt động | F3: 1. Nhập email thay cho tên đăng nhập 2. Nhập mật khẩu đúng 3. Bấm Đăng nhập | G3: email: nv01@gmail.com | H3: Đăng nhập thành công | I3: Cao | J3: Positive | L3: Not Run
A4: AUTH-003 | B4: Đăng nhập | C4: Điều hướng theo vai trò | D4: Mỗi vai trò vào đúng giao diện | E4: Có 4 tài khoản: Admin, Quản lý, Trưởng cửa hàng, Nhân viên | F4: 1. Lần lượt đăng nhập từng tài khoản 2. Quan sát menu bên trái | G4: 4 tài khoản theo vai trò | H4: Admin: menu Quản trị hệ thống; Quản lý: Vận hành chuỗi; TCH: Quản lý ca, Quản lý nhân sự...; NV: Lịch làm việc, Đăng ký ca... | I4: Cao | J4: Positive | L4: Not Run
A5: AUTH-004 | B5: Đăng nhập | C5: Đăng nhập | D5: Sai mật khẩu | E5: Tài khoản tồn tại | F5: 1. Nhập tên đăng nhập đúng 2. Nhập mật khẩu sai 3. Bấm Đăng nhập | G5: pass: sai123 | H5: Toast lỗi 401 'Sai tài khoản hoặc mật khẩu'; hiện gợi ý kiểm tra lại / Quên mật khẩu; không vào hệ thống | I5: Cao | J5: Negative | L5: Not Run
A6: AUTH-005 | B6: Đăng nhập | C6: Đăng nhập | D6: Tên đăng nhập không tồn tại | E6: - | F6: 1. Nhập tên đăng nhập không có trong hệ thống 2. Nhập mật khẩu bất kỳ 3. Bấm Đăng nhập | G6: username: khongtontai | H6: Báo lỗi đăng nhập, không vào hệ thống | I6: Trung bình | J6: Negative | L6: Not Run
A7: AUTH-006 | B7: Đăng nhập | C7: Đăng nhập | D7: Nút Đăng nhập bị vô hiệu khi để trống | E7: - | F7: 1. Để trống tên đăng nhập và/hoặc mật khẩu 2. Quan sát nút Đăng nhập | G7: Trống / chỉ khoảng trắng | H7: Nút Đăng nhập bị disable khi thiếu 1 trong 2 trường (chuỗi chỉ có khoảng trắng coi như trống) | I7: Trung bình | J7: Boundary | L7: Not Run
A8: AUTH-007 | B8: Đăng nhập | C8: Đăng nhập | D8: Tài khoản bị khóa | E8: Tài khoản đã bị Admin khóa | F8: 1. Nhập đúng thông tin tài khoản bị khóa 2. Bấm Đăng nhập | G8: - | H8: Lỗi 403 'Tài khoản chưa được kích hoạt hoặc đã bị khóa' | I8: Cao | J8: Negative | L8: Not Run
A9: AUTH-008 | B9: Đăng nhập | C9: Đăng nhập | D9: Tài khoản chưa kích hoạt | E9: Vừa đăng ký nhưng chưa xác nhận | F9: 1. Đăng nhập bằng tài khoản chưa kích hoạt | G9: - | H9: Lỗi 403 'Tài khoản chưa được kích hoạt hoặc đã bị khóa' | I9: Trung bình | J9: Negative | L9: Not Run
A10: AUTH-009 | B10: Đăng nhập | C10: Đăng nhập | D10: Ẩn / hiện mật khẩu | E10: - | F10: 1. Nhập mật khẩu 2. Bấm biểu tượng con mắt 2 lần | G10: - | H10: Lần 1 hiện ký tự thật, lần 2 ẩn lại thành dấu chấm | I10: Thấp | J10: Positive | L10: Not Run
A11: AUTH-010 | B11: Đăng nhập | C11: Đăng nhập | D11: Máy chủ không phản hồi | E11: Tắt backend | F11: 1. Nhập thông tin đăng nhập 2. Bấm Đăng nhập | G11: - | H11: Thông báo 'Không thể kết nối đến máy chủ. Vui lòng thử lại sau.' | I11: Thấp | J11: Negative | L11: Not Run
A12: AUTH-011 | B12: Đăng ký | C12: Đăng ký tài khoản | D12: Đăng ký thành công | E12: - | F12: 1. Mở tab Đăng ký 2. Nhập đầy đủ trường hợp lệ 3. Bấm Đăng ký tài khoản | G12: username: test_nv01, email hợp lệ, pass: Abc@1234 x2 | H12: Toast 'Đăng ký thành công, vui lòng xác nhận tài khoản'; hiện màn hình xác nhận | I12: Cao | J12: Positive | L12: Not Run
A13: AUTH-012 | B13: Đăng ký | C13: Kích hoạt tài khoản | D13: Xác nhận tài khoản sau đăng ký | E13: Vừa đăng ký thành công | F13: 1. Thực hiện bước xác nhận tài khoản 2. Đăng nhập bằng tài khoản vừa tạo | G13: - | H13: Toast 'Xác nhận tài khoản thành công'; đăng nhập được | I13: Cao | J13: Positive | L13: Not Run
... A31: AUTH-030 | B31: Phiên làm việc | C31: Khóa giữa phiên | D31: Tài khoản bị khóa khi đang dùng | E31: NV đang đăng nhập | F31: 1. Admin khóa tài khoản NV 2. NV thao tác tiếp | G31: - | H31: API trả lỗi 'Tài khoản hiện tại đã bị vô hiệu hóa.'; NV bị đăng xuất | I31: Trung bình | J31: Negative | L31: Not Run

Sheet Chung - Thông báo
A1: Mã TC | B1: Module | C1: Chức năng | D1: Tiêu đề test case | E1: Điều kiện tiên quyết | F1: Các bước thực hiện | G1: Dữ liệu test | H1: Kết quả mong đợi | I1: Ưu tiên | J1: Loại | K1: Kết quả thực tế | L1: Trạng thái | M1: Người test | N1: Ngày test | O1: Bug ID / Ghi chú
A2: NOTI-001 | B2: Chuông thông báo | C2: Việc cần xử lý | D2: Hiển thị mục 'Việc cần xử lý & cần quan tâm' | E2: Đăng nhập bất kỳ vai trò | F2: 1. Bấm vào chuông trên thanh trên | G2: - | H2: Hiện mục 'Việc cần xử lý & cần quan tâm'; chấm cam = số việc cần xử lý | I2: Cao | J2: Positive | L2: Not Run
A3: NOTI-002 | B3: Chuông thông báo | C3: Quản lý / TCH | D3: Đếm đúng việc chờ xử lý | E3: Có đăng ký ca chờ duyệt, đặt lịch khẩn chờ duyệt, ca thiếu người 7 ngày tới, phản hồi chờ | F3: 1. Đăng nhập Quản lý 2. Mở chuông 3. Đối chiếu số lượng với dữ liệu thực tế 4. Bấm từng mục | G3: - | H3: Các mục hiển thị đúng số lượng; bấm vào mở đúng trang tương ứng | I3: Cao | J3: Positive | L3: Not Run
A4: NOTI-003 | B4: Chuông thông báo | C4: TCH | D4: Có mục todo chưa xong | E4: TCH có todo chưa hoàn thành | F4: 1. Đăng nhập TCH 2. Mở chuông | G4: - | H4: Có thêm mục Todo chưa xong (chỉ với TCH) | I4: Trung bình | J4: Positive | L4: Not Run
A5: NOTI-004 | B5: Chuông thông báo | C5: Admin | D5: Admin thấy phản hồi chờ xử lý | E5: Có phản hồi Hệ thống PENDING | F5: 1. Đăng nhập Admin 2. Mở chuông | G5: - | H5: Có mục phản hồi chờ xử lý | I5: Trung bình | J5: Positive | L5: Not Run
A6: NOTI-005 | B6: Chuông thông báo | C6: Nhân viên | D6: NV thấy ca ngày mai, kỳ đang mở, yêu cầu vừa xử lý, phản hồi có cập nhật | E6: NV có ca đã duyệt ngày mai; có kỳ đang mở đăng ký; có yêu cầu vừa được duyệt | F6: 1. Đăng nhập NV 2. Mở chuông | G6: - | H6: Hiện 'Bạn có ca đã được duyệt vào ngày mai', mục kỳ đang mở đăng ký, yêu cầu vừa được xử lý | I6: Trung bình | J6: Positive | L6: Not Run
A7: NOTI-006 | B7: Thông báo | C7: Đánh dấu đã đọc | D7: Đánh dấu 1 thông báo đã đọc | E7: Có thông báo chưa đọc | F7: 1. Mở chuông 2. Bấm 'Đánh dấu đã đọc' trên 1 thông báo | G7: - | H7: Thông báo chuyển sang đã đọc; số đếm giảm 1 | I7: Trung bình | J7: Positive | L7: Not Run
A8: NOTI-007 | B8: Thông báo | C8: Đánh dấu đã đọc | D8: Đánh dấu tất cả đã đọc | E8: Có nhiều thông báo chưa đọc | F8: 1. Bấm 'Đánh dấu tất cả đã đọc' | G8: - | H8: Tất cả thông báo đã đọc; số đếm về 0 | I8: Trung bình | J8: Positive | L8: Not Run
A9: NOTI-008 | B9: Thông báo | C9: Phát thông báo | D9: Nhận thông báo do Quản lý phát | E9: Quản lý vừa phát thông báo cho cửa hàng của NV | F9: 1. Đăng nhập NV 2. Mở chuông | G9: - | H9: Thấy thông báo đúng tiêu đề, nội dung, mức độ ưu tiên | I9: Trung bình | J9: Positive | L9: Not Run

Sheet Chung - Phản hồi
A1: Mã TC | B1: Module | C1: Chức năng | D1: Tiêu đề test case | E1: Điều kiện tiên quyết | F1: Các bước thực hiện | G1: Dữ liệu test | H1: Kết quả mong đợi | I1: Ưu tiên | J1: Loại | K1: Kết quả thực tế | L1: Trạng thái | M1: Người test | N1: Ngày test | O1: Bug ID / Ghi chú
A2: FB-001 | B2: Gửi phản hồi | C2: Loại phản hồi | D2: Chỉ có 3 loại, có chú thích khi hover | E2: Đăng nhập NV | F2: 1. Mở Feedback 2. Bấm Gửi phản hồi 3. Rê chuột lên từng loại | G2: - | H2: Chỉ có Ca làm / Đồng nghiệp / Hệ thống. Tooltip: 'Góp ý hay báo cáo vấn đề của ca làm' · 'Nhận xét về đồng nghiệp' · 'Báo cáo tình trạng hệ thống...' | I2: Trung bình | J2: Positive | L2: Not Run
A3: FB-002 | B3: Gửi phản hồi | C3: Ca làm | D3: Gửi phản hồi ca làm hợp lệ | E3: NV có ca đã duyệt và đang trong giờ làm | F3: 1. Chọn loại Ca làm 2. Chọn ca hiện tại 3. Nhập nội dung 4. Gửi | G3: - | H3: Toast 'Đã gửi phản hồi'; trạng thái PENDING | I3: Cao | J3: Positive | L3: Not Run
A4: FB-003 | B4: Gửi phản hồi | C4: Ca làm | D4: Không chọn ca | E4: - | F4: 1. Chọn loại Ca làm 2. Không chọn ca 3. Gửi | G4: - | H4: Báo lỗi 'Phản hồi loại Ca làm phải chọn ca cụ thể' | I4: Cao | J4: Negative | L4: Not Run
A5: FB-004 | B5: Gửi phản hồi | C5: Ca làm | D5: Ca ngoài giờ diễn ra | E5: NV có ca đã duyệt nhưng chưa tới giờ / đã kết thúc | F5: 1. Chọn loại Ca làm 2. Chọn ca đó 3. Gửi | G5: - | H5: Ca không được liệt kê hoặc báo 'Chỉ phản hồi được ca làm trong thời gian diễn ra ca (...)' | I5: Cao | J5: Boundary | L5: Not Run
A6: FB-005 | B6: Gửi phản hồi | C6: Ca làm | D6: Ca chưa được duyệt | E6: NV có ca PENDING | F6: 1. Thử gửi phản hồi cho ca chưa duyệt | G6: - | H6: Báo 'Chỉ phản hồi được ca làm đã được duyệt của bạn' | I6: Trung bình | J6: Negative | L6: Not Run
A7: FB-006 | B7: Gửi phản hồi | C7: Đồng nghiệp | D7: Gửi không chỉ đích danh | E7: - | F7: 1. Chọn loại Đồng nghiệp 2. Không chọn người 3. Nhập nội dung 4. Gửi | G7: - | H7: Gửi thành công (chọn người không bắt buộc) | I7: Trung bình | J7: Positive | L7: Not Run
A8: FB-007 | B8: Gửi phản hồi | C8: Đồng nghiệp | D8: Chỉ đích danh đồng nghiệp cùng cửa hàng | E8: - | F8: 1. Chọn loại Đồng nghiệp 2. Chọn 1 đồng nghiệp 3. Gửi | G8: - | H8: Gửi thành công, phản hồi gắn đồng nghiệp được chọn | I8: Trung bình | J8: Positive | L8: Not Run
A9: FB-008 | B9: Gửi phản hồi | C9: Đồng nghiệp | D9: Đồng nghiệp khác cửa hàng (qua API) | E9: Có Postman/token NV | F9: 1. Gọi API gửi phản hồi với nhân viên thuộc cửa hàng khác | G9: - | H9: Lỗi 'Đồng nghiệp được chọn không cùng cửa hàng với bạn' | I9: Thấp | J9: Negative | L9: Not Run
A10: FB-009 | B10: Gửi phản hồi | C10: Hệ thống | D10: Phản hồi Hệ thống gửi tới Admin | E10: - | F10: 1. Chọn loại Hệ thống 2. Nhập nội dung + ảnh lỗi 3. Gửi 4. Đăng nhập Admin, mở Phản hồi | G10: - | H10: Admin thấy phản hồi trong danh sách | I10: Cao | J10: Positive | L10: Not Run
A11: FB-010 | B11: Gửi phản hồi | C11: Validate | D11: Nội dung trống | E11: - | F11: 1. Để trống nội dung 2. Gửi | G11: - | H11: Báo 'Nội dung phản hồi không được để trống' | I11: Trung bình | J11: Negative | L11: Not Run
A12: FB-011 | B12: Gửi phản hồi | C12: Đính kèm | D12: Đính kèm 5 ảnh | E12: - | F12: 1. Đính kèm đúng 5 ảnh hợp lệ 2. Gửi | G12: 5 file .jpg < 10MB | H12: Gửi thành công; xem được ảnh trong chi tiết | I12: Trung bình | J12: Boundary | L12: Not Run
A13: FB-012 | B13: Gửi phản hồi | C13: Đính kèm | D13: Đính kèm 6 ảnh | E13: - | F13: 1. Đính kèm 6 ảnh 2. Gửi | G13: 6 file .jpg | H13: Báo 'Chỉ đính kèm tối đa 5 ảnh' | I13: Trung bình | J13: Boundary | L13: Not Run
... A31: FB-030 | B31: Danh sách | C31: Menu TCH | D31: TCH có 1 menu 'Quản lý phản hồi' | E31: Đăng nhập TCH | F31: 1. Xem menu | G31: - | H31: Chỉ có 1 menu 'Quản lý phản hồi' (danh sách + nút Gửi phản hồi), không còn menu 'Feedback nhân viên' riêng | I31: Thấp | J31: Positive | L31: Not Run

Sheet Nhân viên
A1: Mã TC | B1: Module | C1: Chức năng | D1: Tiêu đề test case | E1: Điều kiện tiên quyết | F1: Các bước thực hiện | G1: Dữ liệu test | H1: Kết quả mong đợi | I1: Ưu tiên | J1: Loại | K1: Kết quả thực tế | L1: Trạng thái | M1: Người test | N1: Ngày test | O1: Bug ID / Ghi chú
A2: NV-001 | B2: Tổng quan | C2: Hiển thị | D2: Trang Tổng quan tải không lỗi | E2: Đăng nhập NV | F2: 1. Mở Tổng quan | G2: - | H2: Hiển thị số liệu, ca sắp tới; không có lỗi | I2: Trung bình | J2: Positive | L2: Not Run
A3: NV-002 | B3: Tổng quan | C3: Đặt lịch khẩn | D3: Mở Đặt lịch khẩn từ Tổng quan | E3: - | F3: 1. Bấm nút Đặt lịch khẩn ở Tổng quan | G3: - | H3: Mở popup Đặt lịch khẩn | I3: Thấp | J3: Positive | L3: Not Run
A4: NV-003 | B4: Lịch làm việc | C4: Hiển thị | D4: Chỉ hiện ca của kỳ đã kết thúc đăng ký | E4: Có 1 kỳ đã chốt và 1 kỳ đang mở đăng ký, NV có ca ở cả 2 | F4: 1. Mở Lịch làm việc | G4: - | H4: Chỉ hiện ca của kỳ đã kết thúc đăng ký; hiện thông báo số ca đang ẩn và link sang Đăng ký ca | I4: Cao | J4: Positive | L4: Not Run
A5: NV-004 | B5: Lịch làm việc | C5: Hiển thị | D5: Link sang Đăng ký ca | E5: Có ca đang ẩn | F5: 1. Bấm link trong thông báo số ca đang ẩn | G5: - | H5: Chuyển sang trang Đăng ký ca | I5: Thấp | J5: Positive | L5: Not Run
A6: NV-005 | B6: Lịch làm việc | C6: Danh sách yêu cầu | D6: Xem Danh sách yêu cầu | E6: NV đã có yêu cầu đăng ký và đặt lịch khẩn | F6: 1. Chuyển chế độ 'Danh sách yêu cầu' | G6: - | H6: Danh sách chung, phân loại Đăng ký ca / Đặt lịch khẩn (+ Thêm / Đổi / Hủy) | I6: Cao | J6: Positive | L6: Not Run
A7: NV-006 | B7: Lịch làm việc | C7: Danh sách yêu cầu | D7: Lọc danh sách yêu cầu | E7: - | F7: 1. Lọc lần lượt theo phân loại, loại, trạng thái, cửa hàng, người đổi cùng, ngày làm, ngày gửi, tìm kiếm | G7: - | H7: Kết quả đúng từng bộ lọc và khi kết hợp nhiều bộ lọc | I7: Trung bình | J7: Positive | L7: Not Run
A8: NV-007 | B8: Đặt lịch khẩn | C8: Popup | D8: Đổi loại thì trường thay đổi | E8: - | F8: 1. Bấm Đặt lịch khẩn 2. Chọn lần lượt Thêm / Đổi / Hủy | G8: - | H8: Thêm: chọn ca muốn thêm; Đổi: ca hiện tại + ca muốn đổi sang + NV đổi cùng; Hủy: ca hiện tại + lý do | I8: Cao | J8: Positive | L8: Not Run
A9: NV-008 | B9: Đặt lịch khẩn | C9: Popup | D9: Mở từ nút Đổi / Hủy trên thẻ ca | E9: NV có ca đã duyệt | F9: 1. Bấm Đổi (hoặc Hủy) trên thẻ ca | G9: - | H9: Popup mở với loại tương ứng và ca hiện tại được chọn sẵn | I9: Trung bình | J9: Positive | L9: Not Run
A10: NV-009 | B10: Đặt lịch khẩn | C10: Thêm ca | D10: Thêm ca hợp lệ | E10: Ca thuộc kỳ đã kết thúc đăng ký, bắt đầu sau hiện tại, NV thuộc nhóm ca | F10: 1. Chọn Thêm 2. Chọn ca 3. Nhập lý do 4. Gửi | G10: - | H10: Tạo yêu cầu PENDING, hiện trong Danh sách yêu cầu | I10: Cao | J10: Positive | L10: Not Run
A11: NV-010 | B11: Đặt lịch khẩn | C11: Thêm ca | D11: Không chọn ca | E11: - | F11: 1. Chọn Thêm 2. Không chọn ca 3. Gửi | G11: - | H11: Báo 'Vui lòng chọn ca muốn thêm' | I11: Trung bình | J11: Negative | L11: Not Run
A12: NV-011 | B12: Đặt lịch khẩn | C12: Thêm ca | D12: Ca đã bắt đầu / đã qua | E12: Có ca hôm nay đã bắt đầu | F12: 1. Chọn ca đó (qua API nếu UI đã ẩn) | G12: - | H12: Ca không có trong danh sách; API báo '... đã bắt đầu hoặc đã qua – chỉ chọn được ca sau thời điểm hiện tại' | I12: Cao | J12: Boundary | L12: Not Run
A13: NV-012 | B13: Đặt lịch khẩn | C13: Thêm ca | D13: Ca bắt đầu sau hiện tại vài phút (cùng ngày) | E13: Có ca hôm nay bắt đầu sau giờ hiện tại | F13: 1. Chọn ca đó 2. Gửi | G13: - | H13: Cho phép (so cả ngày + giờ bắt đầu) | I13: Trung bình | J13: Boundary | L13: Not Run
... A51: NV-050 | B51: Bài kiểm tra | C51: Bộ lọc | D51: Lọc theo trạng thái | E51: - | F51: 1. Chọn Chưa làm / Đang làm / Hoàn thành | G51: - | H51: Danh sách đúng trạng thái | I51: Thấp | J51: Positive | L51: Not Run

Sheet Trưởng cửa hàng
A1: Mã TC | B1: Module | C1: Chức năng | D1: Tiêu đề test case | E1: Điều kiện tiên quyết | F1: Các bước thực hiện | G1: Dữ liệu test | H1: Kết quả mong đợi | I1: Ưu tiên | J1: Loại | K1: Kết quả thực tế | L1: Trạng thái | M1: Người test | N1: Ngày test | O1: Bug ID / Ghi chú
A2: TCH-001 | B2: Tổng quan | C2: Hiển thị | D2: Trang Tổng quan tải không lỗi | E2: Đăng nhập TCH | F2: 1. Mở Tổng quan | G2: - | H2: Không xuất hiện lỗi NoClassDefFoundError; số liệu hiển thị | I2: Cao | J2: Positive | L2: Not Run
A3: TCH-002 | B3: Quản lý ca | C3: Giao diện | D3: Menu Quản lý ca gồm 3 tab | E3: - | F3: 1. Mở Quản lý ca | G3: - | H3: Có tab: Lịch làm việc · Xử lý yêu cầu ca · Đăng ký ca của tôi; Lịch làm việc dùng giao diện TKB | I3: Trung bình | J3: Positive | L3: Not Run
A4: TCH-003 | B4: Quản lý ca | C4: Lịch làm việc | D4: Chỉ thấy dữ liệu cửa hàng mình | E4: - | F4: 1. Mở Lịch làm việc 2. Xem bộ lọc cửa hàng | G4: - | H4: Chỉ có cửa hàng TCH quản lý | I4: Cao | J4: Positive | L4: Not Run
A5: TCH-004 | B5: Xuất danh sách ca | C5: Danh sách | D5: Xuất Excel đúng dữ liệu đang lọc | E5: Có nhiều ca | F5: 1. Chuyển chế độ Danh sách 2. Lọc từ ngày – đến ngày, nhóm ca 3. Bấm Tải Excel 4. Mở file bằng Excel | G5: - | H5: Tải về file .xlsx mở được bằng Excel; số dòng và nội dung đúng như đang hiển thị | I5: Cao | J5: Positive | L5: Not Run
A6: TCH-005 | B6: Xuất danh sách ca | C6: Bộ lọc | D6: Đủ bộ lọc | E6: - | F6: 1. Dùng lần lượt: từ ngày – đến ngày, cửa hàng, kỳ, nhóm ca, trạng thái ca, nhân viên, trạng thái phân ca, tìm kiếm | G6: - | H6: Từng bộ lọc hoạt động đúng | I6: Trung bình | J6: Positive | L6: Not Run
A7: TCH-006 | B7: Xuất danh sách ca | C7: Bộ lọc | D7: Lọc 'ca chưa có nhân viên' | E7: Có ca trống | F7: 1. Chọn trạng thái phân ca = ca chưa có nhân viên 2. Tải Excel | G7: - | H7: Chỉ ca chưa có ai; file xuất đúng | I7: Trung bình | J7: Boundary | L7: Not Run
A8: TCH-007 | B8: Xuất danh sách ca | C8: Danh sách | D8: Xuất khi danh sách rỗng | E8: - | F8: 1. Lọc ra 0 dòng 2. Tải Excel | G8: - | H8: Không lỗi; file chỉ có tiêu đề hoặc nút bị vô hiệu / có thông báo | I8: Thấp | J8: Boundary | L8: Not Run
A9: TCH-008 | B9: Xử lý yêu cầu ca | C9: Duyệt đăng ký | D9: Duyệt đăng ký ca | E9: Có đăng ký PENDING | F9: 1. Mở Xử lý yêu cầu ca 2. Duyệt 1 đăng ký | G9: - | H9: Đăng ký thành APPROVED; NV thấy ca ở Lịch làm việc khi kỳ đã chốt | I9: Cao | J9: Positive | L9: Not Run
A10: TCH-009 | B10: Xử lý yêu cầu ca | C10: Từ chối | D10: Từ chối yêu cầu | E10: - | F10: 1. Bấm Từ chối 2. Nhập lý do | G10: - | H10: Trạng thái REJECTED; NV thấy kết quả + thông báo | I10: Cao | J10: Positive | L10: Not Run
A11: TCH-010 | B11: Xử lý yêu cầu ca | C11: Duyệt hàng loạt | D11: Duyệt nhiều yêu cầu cùng lúc | E11: Có ≥3 yêu cầu PENDING | F11: 1. Chọn nhiều 2. Bấm duyệt hàng loạt | G11: - | H11: Tất cả được duyệt và áp dụng vào lịch | I11: Cao | J11: Positive | L11: Not Run
A12: TCH-011 | B12: Xử lý yêu cầu ca | C12: Duyệt Thêm ca | D12: Duyệt yêu cầu Thêm ca áp dụng vào lịch | E12: Có yêu cầu Thêm ca PENDING | F12: 1. Duyệt 2. Mở TKB | G12: - | H12: NV xuất hiện trong ca được thêm | I12: Cao | J12: Positive | L12: Not Run
A13: TCH-012 | B13: Xử lý yêu cầu ca | C13: Duyệt Hủy ca | D13: Duyệt yêu cầu Hủy ca áp dụng vào lịch | E13: Có yêu cầu Hủy PENDING | F13: 1. Duyệt 2. Mở TKB | G13: - | H13: NV không còn trong ca | I13: Cao | J13: Positive | L13: Not Run
... A34: TCH-033 | B34: Todo list | C34: Phạm vi | D34: Truy cập todo cửa hàng khác (qua API) | E34: - | F34: 1. Gọi API sửa todo cửa hàng khác | G34: - | H34: Báo 'Bạn không có quyền truy cập công việc này' / 'Công việc phải thuộc cửa hàng bạn đang quản lý' | I34: Thấp | J34: Negative | L34: Not Run

Sheet Quản lý
A1: Mã TC | B1: Module | C1: Chức năng | D1: Tiêu đề test case | E1: Điều kiện tiên quyết | F1: Các bước thực hiện | G1: Dữ liệu test | H1: Kết quả mong đợi | I1: Ưu tiên | J1: Loại | K1: Kết quả thực tế | L1: Trạng thái | M1: Người test | N1: Ngày test | O1: Bug ID / Ghi chú
A2: QL-001 | B2: Tổng quan | C2: Hiển thị | D2: Trang Tổng quan tải không lỗi | E2: Đăng nhập Quản lý | F2: 1. Mở Tổng quan | G2: - | H2: Không lỗi; biểu đồ và số liệu hiển thị | I2: Cao | J2: Positive | L2: Not Run
A3: QL-002 | B3: Quản lý nhân sự | C3: Thêm | D3: Thêm nhân viên mới | E3: - | F3: 1. Mở Quản lý nhân sự 2. Thêm 3. Nhập thông tin + ảnh 4. Lưu | G3: - | H3: NV mới trong danh sách; (nếu có) email thông tin tài khoản được gửi | I3: Cao | J3: Positive | L3: Not Run
A4: QL-003 | B4: Quản lý nhân sự | C4: Validate | D4: Email nhân viên trùng | E4: - | F4: 1. Thêm NV với email đã có | G4: - | H4: Báo lỗi 409 'Email ... ' đã tồn tại | I4: Trung bình | J4: Negative | L4: Not Run
A5: QL-004 | B5: Quản lý nhân sự | C5: Sửa | D5: Sửa thông tin nhân viên | E5: - | F5: 1. Sửa 1 NV 2. Lưu | G5: - | H5: Dữ liệu cập nhật | I5: Trung bình | J5: Positive | L5: Not Run
A6: QL-005 | B6: Quản lý nhân sự | C6: Ảnh | D6: Upload ảnh không hợp lệ | E6: - | F6: 1. Upload file không phải ảnh / > 10MB / để trống | G6: - | H6: Báo 'Chỉ hỗ trợ tệp hình ảnh' / 'Ảnh không được vượt quá 10MB' / 'Ảnh tải lên không được để trống' | I6: Thấp | J6: Negative | L6: Not Run
A7: QL-006 | B7: Quản lý nhân sự | C7: Phân bổ | D7: Phân bổ NV vào 1 hoặc nhiều cửa hàng | E7: - | F7: 1. Mở NV 2. Gán cửa hàng A, B 3. Lưu | G7: - | H7: NV xuất hiện ở cả 2 cửa hàng | I7: Cao | J7: Positive | L7: Not Run
A8: QL-007 | B8: Quản lý nhân sự | C8: Vai trò | D8: Đổi vai trò NV → TCH | E8: - | F8: 1. Đổi vai trò 2. Lưu 3. Đăng nhập lại bằng tài khoản đó | G8: - | H8: Tài khoản thấy giao diện TCH | I8: Cao | J8: Positive | L8: Not Run
A9: QL-008 | B9: Quản lý nhân sự | C9: Bộ lọc | D9: Lọc / tìm kiếm NV | E9: - | F9: 1. Lọc theo cửa hàng, vai trò, trạng thái 2. Tìm theo tên / mã | G9: - | H9: Kết quả đúng | I9: Trung bình | J9: Positive | L9: Not Run
A10: QL-009 | B10: Quản lý cửa hàng | C10: Thêm | D10: Tạo cửa hàng mặc định OPENING | E10: - | F10: 1. Thêm cửa hàng 2. Nhập thông tin 3. Lưu | G10: - | H10: Form tạo không có ô trạng thái; cửa hàng tạo với trạng thái OPENING | I10: Cao | J10: Positive | L10: Not Run
A11: QL-010 | B11: Quản lý cửa hàng | C11: Sửa | D11: Đổi trạng thái sang CLOSED | E11: - | F11: 1. Sửa cửa hàng 2. Chọn CLOSED – Đã đóng 3. Lưu | G11: - | H11: Trạng thái CLOSED; lọc 'Đã đóng (CLOSED)' thấy cửa hàng | I11: Cao | J11: Positive | L11: Not Run
A12: QL-011 | B12: Quản lý cửa hàng | C12: Validate | D12: Trạng thái khác OPENING / CLOSED (qua API) | E12: - | F12: 1. Gọi API cập nhật status = ACTIVE | G12: - | H12: Báo 'Trạng thái cửa hàng chỉ là OPENING hoặc CLOSED' | I12: Trung bình | J12: Negative | L12: Not Run
A13: QL-012 | B13: Quản lý cửa hàng | C13: Xóa | D13: Không có chức năng xóa | E13: - | F13: 1. Tìm nút Xóa trên UI 2. Gọi API xóa cửa hàng | G13: - | H13: Không có nút xóa; API báo 'Không thể xóa cửa hàng – hãy chuyển trạng thái sang CLOSED nếu cửa hàng ngừng hoạt động' | I13: Cao | J13: Negative | L13: Not Run
... A53: QL-052 | B53: Quản lý bài test | C53: Tạo bài | D53: Tạo bài test toàn chuỗi | E53: - | F53: 1. Tạo bài, câu hỏi 2. Mở bài 3. Giao theo NV / TCH | G53: - | H53: Số liệu Tổng bài test / Đang mở / Bản nháp đúng; người được giao nhận bài | I53: Trung bình | J53: Positive | L53: Not Run

Sheet Admin
A1: Mã TC | B1: Module | C1: Chức năng | D1: Tiêu đề test case | E1: Điều kiện tiên quyết | F1: Các bước thực hiện | G1: Dữ liệu test | H1: Kết quả mong đợi | I1: Ưu tiên | J1: Loại | K1: Kết quả thực tế | L1: Trạng thái | M1: Người test | N1: Ngày test | O1: Bug ID / Ghi chú
A2: AD-001 | B2: Quản lý tài khoản | C2: Danh sách | D2: Xem danh sách tài khoản | E2: Đăng nhập Admin | F2: 1. Mở Quản lý tài khoản | G2: - | H2: Hiện danh sách, vai trò, trạng thái; lọc / tìm kiếm được | I2: Trung bình | J2: Positive | L2: Not Run
A3: AD-002 | B3: Quản lý tài khoản | C3: Phân quyền | D3: Đổi vai trò user thường | E3: - | F3: 1. Sửa tài khoản NV 2. Đổi vai trò 3. Lưu 4. Đăng nhập lại tài khoản đó | G3: - | H3: Vai trò mới có hiệu lực | I3: Cao | J3: Positive | L3: Not Run
A4: AD-003 | B4: Quản lý tài khoản | C4: Khóa | D4: Khóa / mở khóa tài khoản | E4: - | F4: 1. Khóa tài khoản NV 2. Thử đăng nhập NV 3. Mở khóa 4. Đăng nhập lại | G4: - | H4: Bị khóa không đăng nhập được; mở khóa đăng nhập lại được | I4: Cao | J4: Positive | L4: Not Run
A5: AD-004 | B5: Quản lý tài khoản | C5: Admin | D5: Không chỉnh quyền / khóa tài khoản admin trên UI | E5: - | F5: 1. Mở sửa tài khoản admin | G5: - | H5: Ô vai trò và trạng thái bị khóa; luôn 'hoạt động' | I5: Cao | J5: Negative | L5: Not Run
A6: AD-005 | B6: Quản lý tài khoản | C6: Admin | D6: Chặn chỉnh quyền admin qua API | E6: - | F6: 1. Gọi API gán / gỡ vai trò cho admin | G6: - | H6: Báo 'Không thể chỉnh quyền của tài khoản admin' | I6: Cao | J6: Negative | L6: Not Run
A7: AD-006 | B7: Quản lý tài khoản | C7: Admin | D7: Chặn khóa admin qua API | E7: - | F7: 1. Gọi API đổi trạng thái admin = khóa | G7: - | H7: Báo 'Tài khoản admin luôn hoạt động, không thể khóa' | I7: Cao | J7: Negative | L7: Not Run
A8: AD-007 | B8: Quản lý tài khoản | C8: Xóa | D8: Không có chức năng xóa tài khoản | E8: - | F8: 1. Tìm nút Xóa 2. Gọi API xóa user | G8: - | H8: Không có nút xóa; API báo 'Hệ thống không có chức năng xóa tài khoản – hãy khóa tài khoản nếu cần ngừng sử dụng' | I8: Cao | J8: Negative | L8: Not Run
A9: AD-008 | B9: Quản lý tài khoản | C9: Quản lý cuối | D9: Không khóa được quản lý hoạt động cuối cùng | E9: Chỉ còn 1 tài khoản Quản lý hoạt động | F9: 1. Khóa tài khoản đó | G9: - | H9: Báo 'Phải luôn có ít nhất 1 tài khoản quản lý đang hoạt động – không thể khóa quản lý cuối cùng' | I9: Cao | J9: Boundary | L9: Not Run
A10: AD-009 | B10: Quản lý tài khoản | C10: Quản lý cuối | D10: Không gỡ quyền quản lý cuối cùng | E10: Chỉ còn 1 Quản lý | F10: 1. Đổi vai trò Quản lý đó sang NV | G10: - | H10: Báo '... không thể gỡ quyền quản lý cuối cùng'; tài khoản KHÔNG bị gán thêm vai trò mới | I10: Cao | J10: Boundary | L10: Not Run
A11: AD-010 | B11: Quản lý tài khoản | C11: Quản lý cuối | D11: Khóa được quản lý khi còn ≥2 | E11: Có 2 Quản lý hoạt động | F11: 1. Khóa 1 Quản lý | G11: - | H11: Khóa thành công | I11: Trung bình | J11: Boundary | L11: Not Run
A12: AD-011 | B12: Chuỗi cửa hàng / thương hiệu | C12: Cấu hình | D12: Đổi logo, màu sắc | E12: - | F12: 1. Mở Quản lý chuỗi cửa hàng 2. Đổi logo, màu 3. Xem preview 4. Lưu cài đặt thương hiệu 5. Tải lại | G12: - | H12: Preview đúng; giao diện áp dụng sau khi lưu | I12: Trung bình | J12: Positive | L12: Not Run
A13: AD-012 | B13: Chuỗi cửa hàng / thương hiệu | C13: Cấu hình | D13: Khôi phục mặc định | E13: - | F13: 1. Bấm Khôi phục mặc định | G13: - | H13: Trở về logo, màu mặc định | I13: Thấp | J13: Positive | L13: Not Run
... A20: AD-019 | B20: Phản hồi | C20: Hệ thống | D20: Admin xử lý phản hồi Hệ thống | E20: Có phản hồi Hệ thống | F20: 1. Mở Phản hồi 2. Chuyển trạng thái kèm ghi chú | G20: - | H20: Áp dụng đúng luồng trạng thái (xem sheet Chung - Phản hồi) | I20: Trung bình | J20: Positive | L20: Not Run

Sheet Phân quyền & Bảo mật
A1: Mã TC | B1: Module | C1: Chức năng | D1: Tiêu đề test case | E1: Điều kiện tiên quyết | F1: Các bước thực hiện | G1: Dữ liệu test | H1: Kết quả mong đợi | I1: Ưu tiên | J1: Loại | K1: Kết quả thực tế | L1: Trạng thái | M1: Người test | N1: Ngày test | O1: Bug ID / Ghi chú
A2: SEC-001 | B2: Phân quyền | C2: Trang | D2: NV truy cập trang của vai trò khác | E2: Đăng nhập NV | F2: 1. Đổi URL / tab sang trang Quản lý hoặc Admin | G2: - | H2: Không vào được; không hiện dữ liệu | I2: Cao | J2: Negative | L2: Not Run
A3: SEC-002 | B3: Phân quyền | C3: API | D3: Gọi API không có token | E3: - | F3: 1. Gọi API bất kỳ không có header Authorization | G3: - | H3: 401 'Token không hợp lệ ...' | I3: Cao | J3: Negative | L3: Not Run
A4: SEC-003 | B4: Phân quyền | C4: API | D4: NV gọi API quản lý | E4: Token NV | F4: 1. Gọi API tạo cửa hàng / kỳ đăng ký | G4: - | H4: 403 'Bạn không có quyền truy cập endpoint này.' | I4: Cao | J4: Negative | L4: Not Run
A5: SEC-004 | B5: Phân quyền | C5: Dữ liệu cá nhân | D5: NV xem yêu cầu của người khác | E5: Token NV A | F5: 1. GET yêu cầu khẩn của NV B | G5: - | H5: 403 'Bạn chỉ được xem yêu cầu của mình' | I5: Cao | J5: Negative | L5: Not Run
A6: SEC-005 | B6: Phân quyền | C6: Dữ liệu cá nhân | D6: NV đăng ký ca cho người khác | E6: Token NV A | F6: 1. POST đăng ký ca với employeeId của B | G6: - | H6: 403 'Bạn chỉ được đăng ký ca cho mình' | I6: Cao | J6: Negative | L6: Not Run
A7: SEC-006 | B7: Phân quyền | C7: Dữ liệu cá nhân | D7: NV thao tác đăng ký ca của người khác | E7: - | F7: 1. Bỏ đăng ký ca của B | G7: - | H7: 403 'Bạn chỉ được thao tác trên đăng ký ca của mình' | I7: Cao | J7: Negative | L7: Not Run
A8: SEC-007 | B8: Phân quyền | C8: Dữ liệu cá nhân | D8: NV xem hồ sơ / chấm công / kết quả test của người khác | E8: - | F8: 1. Gọi API với id của B | G8: - | H8: 403 'Bạn chỉ được xem hồ sơ của mình' / '... chấm công của mình' / '... kết quả của mình' | I8: Cao | J8: Negative | L8: Not Run
A9: SEC-008 | B9: Phân quyền | C9: Dữ liệu cá nhân | D9: NV đổi / hủy ca không phải của mình | E9: - | F9: 1. Gửi đặt lịch khẩn với ca hiện tại của B | G9: - | H9: 403 'Ca này không phải của bạn' | I9: Cao | J9: Negative | L9: Not Run
A10: SEC-009 | B10: Phân quyền | C10: Phạm vi cửa hàng | D10: TCH xem dữ liệu cửa hàng khác | E10: Token TCH cửa hàng A | F10: 1. Gọi API lịch / nhân sự / thống kê cửa hàng B | G10: - | H10: 403 'Bạn không có quyền truy cập dữ liệu cửa hàng này' / '... xem thống kê cửa hàng này' | I10: Cao | J10: Negative | L10: Not Run
A11: SEC-010 | B11: Phân quyền | C11: Phạm vi cửa hàng | D11: TCH xem thống kê toàn chuỗi | E11: Token TCH | F11: 1. Gọi API thống kê toàn chuỗi | G11: - | H11: 403 'Chỉ quản lý chuỗi mới xem được thống kê toàn chuỗi' | I11: Trung bình | J11: Negative | L11: Not Run
A12: SEC-011 | B12: Phân quyền | C12: Endpoint mới | D12: Endpoint mới đã được cấp quyền | E12: Đã chạy migration_quan_ly_ca.sql | F12: 1. Mọi vai trò gọi GET /api/v1/notification/me/tasks | G12: - | H12: 200 với mọi vai trò | I12: Trung bình | J12: Positive | L12: Not Run
A13: SEC-012 | B13: Bảo mật | C13: Nhập liệu | D13: Chèn script / HTML vào ô nhập | E13: - | F13: 1. Nhập <script>alert(1)</script> vào nội dung phản hồi, tên công việc 2. Lưu 3. Mở lại | G13: - | H13: Hiển thị như văn bản, không thực thi script | I13: Trung bình | J13: Negative | L13: Not Run
A14: SEC-013 | B14: Bảo mật | C14: Nhập liệu | D14: Chuỗi dài / ký tự đặc biệt / tiếng Việt có dấu | E14: - | F14: 1. Nhập 5000 ký tự, emoji, tiếng Việt có dấu 2. Lưu | G14: - | H14: Không lỗi 500; hiển thị đúng hoặc báo lỗi độ dài rõ ràng | I14: Thấp | J14: Boundary | L14: Not Run
